상품번호,이미지,성별,상품코드,상품명,정상가,판매가,총재고,
21753,그림,Men,freegift_26021,사은품 보냉백,0,0,300,
21749,그림,Men,C75YM9726MUL,남성 컬럼비아 미드 컬러 양말 5종,"29,000","29,000",93,
21748,그림,Men,C75YM9725MUL,남성 컬럼비아 미드 패턴 양말 5종,"29,000","29,000",10,
21747,그림,Women,C75YL9726MUL,여성 컬럼비아 미드 컬러 양말 5종,"29,000","29,000",70,
21746,그림,Women,C75YL9725MUL,여성 컬럼비아 미드 패턴 양말 5종,"29,000","29,000",63,
21745,그림,Women,C75YL0896027,여성 산투이트파스 Ⅱ 장갑,"42,000","42,000",38,
21744,그림,Women,C75YL0896010,여성 산투이트파스 Ⅱ 장갑,"42,000","42,000",49,
21743,그림,Men,freegift_24071_N,사은품 여행용 파우치 외부몰 (베이지),0,0,167,
21735,,Unisex,C75YU0397010,공용 365 트랙 스몰백,"79,000","79,000",16,
21734,그림,Unisex,C75PU8655010,공용 와일드 우드 45L +5L 백팩,"255,000","255,000",8,
21733,그림,Unisex,C75PU2434265,공용 스트림 미니 지갑,"15,000","15,000",16,
21731,그림,Unisex,C75PU2423010,공용 타이거 브룩 트래블 파우치,"40,000","40,000",13,
21729,그림,Unisex,C75PU2409265,공용 스트림 이어폰케이스,"10,000","10,000",3,
21727,그림,Unisex,C75CT9272464,공용 프로비전 볼캡,"35,000","35,000",20,
21726,그림,Unisex,C75CT9272010,공용 프로비전 볼캡,"35,000","35,000",71,
21715,그림,Unisex,C75YU9904607,공용 니들 락 데쉬 3단 듀얼스틱,"139,000","139,000",27,
21714,그림,Unisex,C75YU9904494,공용 니들 락 데쉬 3단 듀얼스틱,"139,000","139,000",10,
21713,그림,Unisex,C75YU9901845,공용 패스투스프링 4단 싱글스틱,"120,000","120,000",22,
21712,그림,Unisex,C75YU9900316,공용 생츄리투로드 3단 싱글스틱,"110,000","110,000",28,
21711,그림,Unisex,C75YU9899053,공용 사바나 콘 4단 싱글스틱,"79,000","79,000",23,
21710,그림,Unisex,C75YU9622100,공용 퀄리레유트 미드 양말,"10,000","10,000",143,
21709,그림,Unisex,C75YU8481010,[공식몰 단독] 여성 루디 리프 롱 레인부츠,"99,000","99,000",129,
21708,그림,Unisex,C75YU2555338,공용 채드윅 니트,"119,000","119,000",72,
21707,그림,Unisex,C75YU2555214,공용 채드윅 니트,"119,000","119,000",88,
21706,그림,Unisex,C75YU2555105,공용 채드윅 니트 슬라이드,"119,000","119,000",110,
21705,그림,Unisex,C75YU0899439,공용 산투이트파스 Ⅱ 장갑,"43,000","43,000",67,
21704,그림,Unisex,C75YU0899010,공용 산투이트파스 Ⅱ 장갑,"43,000","43,000",54,
21701,그림,Unisex,C75YU0605100,공용 호모치토레이크돔 팔토시,"20,000","20,000",41,
21700,그림,Unisex,C75YU0605010,공용 호모치토 레이크 돔 암 슬리브,"20,000","20,000",73,
21699,그림,Unisex,C75YU0511100,공용 카스 림 넥 게이터,"39,000","39,000",25,
21698,그림,Unisex,C75YU0511010,공용 카스 림 넥 게이터,"39,000","39,000",29,
21697,그림,Unisex,C75YU0367010,공용 레드우드 35L 백팩,"159,000","159,000",83,
21696,그림,Unisex,C75YU0366010,공용 레드우드 30L 뉴 플러스 백팩,"149,000","149,000",174,
21695,그림,Unisex,C75YU0154431,공용 헤이지 저니 2 워터프루프 스니커즈,"149,000","149,000",56,
21694,그림,Unisex,C75YU0154273,공용 헤이지 저니 2 워터프루프,"149,000","149,000",31,
21693,그림,Unisex,C75YU0154191,공용 헤이지 저니 2 워터프루프,"149,000","149,000",16,
21692,그림,Unisex,C75YU0154023,공용 헤이지 저니 2 워터프루프,"149,000","149,000",56,
21691,그림,Unisex,C75YU0154010,공용 헤이지 저니 2 워터프루프,"149,000","149,000",10,
21690,그림,Women,C75YR8156278,여성 트랜스 트레일 워터프루프,"179,000","179,000",49,
21689,그림,Women,C75YR8156063,여성 트랜스 트레일 워터프루프,"179,000","179,000",38,
21688,그림,Women,C75YR0136278,여성 트랜스트레커 아웃드라이 와이드,"189,000","132,300",27,
21687,그림,Women,C75YR0136096,여성 트랜스트레커 아웃드라이,"189,000","132,300",34,
21686,그림,Women,C75YR0136029,여성 트랜스트레커 아웃드라이 와이드,"189,000","132,300",30,
21685,그림,Women,C75YR0136012,여성 트랜스트레커 아웃드라이,"189,000","132,300",17,
21684,그림,Men,C75YE6448278,남성 트랜스 트레일 워터프루프,"179,000","179,000",55,
21683,그림,Men,C75YE4769271,남성 트랜스트레커 아웃드라이,"189,000","132,300",65,
21682,그림,Men,C75YE4769012,남성 트랜스트레커 아웃드라이,"189,000","132,300",36,
21681,그림,Men,C75YE4769010,남성 트랜스트레커 아웃드라이,"189,000","132,300",27,
21680,그림,Unisex,C75UU8703478,공용 랜드로머 40L 더플백,"129,000","129,000",3,
21679,그림,Unisex,C75UU8703010,공용 랜드로머 40L 더플백,"129,000","129,000",13,
21678,그림,Unisex,C75UU1456348,공용 블랙콤브 릿지 18L 백팩,"99,000","99,000",9,
21677,그림,Unisex,C75UU0951010,트레일 트레블 워터보틀 물병 파우치 슬링백,"35,000","35,000",9,
21676,그림,Unisex,C75UU0063478,공용 랜드로머 60L 더플백,"149,000","149,000",2,
21674,그림,Unisex,C75PU8809010,공용 스트림 패디드 숄더 백,"35,000","35,000",4,
21673,그림,Unisex,C75PU8732719,공용 그레이트 스모키 가든 바디백,"59,000","59,000",6,
21672,그림,Unisex,C75PU8732010,공용 그레이트 스모키 가든 바디백,"59,000","59,000",75,
21671,그림,Unisex,C75PU8697010,공용 스트림 숄더케이스,"39,000","39,000",27,
21669,그림,Unisex,C75PU8663466,공용 케슬락 20L 백팩,"89,000","89,000",56,
21668,그림,Unisex,C75PU8663010,공용 케슬락 20L 백팩,"89,000","89,000",23,
21667,그림,Unisex,C75PU8662466,공용 케슬락 25L 백팩,"99,000","99,000",64,
21666,그림,Unisex,C75PU8662010,공용 케슬락 25L 백팩,"99,000","99,000",7,
21665,그림,Men,C75BM7354010,남성 코노스 TRS 아웃드라이 미드,"199,000","199,000",40,
21662,그림,Men,C75BM6246036,남성 코노스 TRS 아웃드라이,"189,000","189,000",51,
21661,그림,Men,C75BM6246012,남성 코노스 TRS 아웃드라이,"189,000","189,000",52,
21660,그림,Men,C75BM4131247,[추영우 착용] 남성 픽프릭 러쉬 아웃드라이 미드,"209,000","209,000",103,
21659,그림,Men,C75BM4131012,남성 픽프릭 러쉬 아웃드라이 미드,"209,000","209,000",100,
21658,그림,Men,C75BM1935063,남성 PFG 프로 스포츠 부츠,"169,000","169,000",31,
21656,그림,Women,C75BL7354083,여성 코노스 TRS 아웃드라이 미드,"199,000","199,000",49,
21653,그림,Women,C75BL6246101,여성 코노스 TRS 아웃드라이,"189,000","189,000",70,
21652,그림,Women,C75BL6246012,여성 코노스 TRS 아웃드라이,"189,000","189,000",23,
21651,그림,Women,C75BL4131096,여성 픽프릭 러쉬 아웃드라이 미드,"209,000","209,000",78,
21650,그림,Women,C75BL4131011,여성 픽프릭 러쉬 아웃드라이 미드,"209,000","209,000",79,
21648,그림,Women,C75BK9168091,여성 픽프릭 러쉬 아웃드라이 와이드,"199,000","199,000",84,
21647,그림,Women,C75BK9168028,여성 픽프릭 러쉬 아웃드라이 와이드,"199,000","199,000",74,
21646,그림,Women,C75BK0998096,여성 크레스트우드 미드 워터프루프 와이드핏,"159,000","127,200",27,
21645,그림,Women,C75BK0607088,여성 크레스트우드 로우 워터프루프 와이드핏,"149,000","119,200",61,
21644,그림,Women,C75BK0607083,여성 크레스트우드 로우 워터프루프 와이드핏,"149,000","119,200",86,
21643,그림,Men,C75BI9168247,남성 픽프릭 러쉬 아웃드라이 와이드,"199,000","199,000",60,
21642,그림,Men,C75BI9168005,남성 픽프릭 러쉬 아웃드라이 와이드,"199,000","199,000",93,
21641,그림,Men,C75BI1209234,남성 크레스트우드 로우 워터프루프 와이드핏,"149,000","119,200",49,
21640,그림,Men,C75BI1209089,남성 크레스트우드 로우 워터프루프 와이드핏,"149,000","119,200",46,
21639,그림,Men,C75BI0652234,남성 크레스트우드 미드 워터프루프 와이드핏,"159,000","127,200",90,
21638,그림,Men,C75BI0652014,남성 크레스트우드 미드 워터프루프 와이드핏,"159,000","127,200",20,
21633,그림,Men,C71XE2738028,남성 글레시얼 비스타 긴팔 쿨링 셔츠,"119,000","119,000",18,
21569,그림,Men,freegift_26011_N,사은품 이끼 파우치 키링 (외부몰),0,0,532,
21568,그림,Men,freegift_26011,사은품 이끼 파우치 키링,0,0,591,
21469,그림,Men,freegift_25101_N_2,사은품 패딩 머플러(아이보리) 네이버,0,0,2,
21408,그림,Unisex,C75YU9623271,공용 코브하이츠파크Ⅱ 미드 양말,"13,000","13,000",65,
21407,그림,Unisex,C75YU9623100,공용 코브하이츠파크Ⅱ 미드 양말,"13,000","13,000",85,
21406,그림,Unisex,C75YU9623043,공용 코브하이츠파크Ⅱ 미드 양말,"13,000","13,000",92,
21405,그림,Unisex,C75YU9623011,공용 코브하이츠파크Ⅱ 미드 양말,"13,000","13,000",89,
21404,그림,Unisex,C75YU9622010,공용 퀄리레유트 미드 양말,"10,000","10,000",64,
21403,그림,Unisex,C75YU9611551,공용 리버메듀파인스 미드 양말,"15,000","15,000",18,
21402,그림,Unisex,C75YU9611010,공용 리버메듀파인스 미드 양말,"15,000","15,000",45,
21392,그림,Unisex,C75YU0677278,공용 데졸 보울 버킷,"55,000","55,000",19,
21391,그림,Unisex,C75YU0677010,공용 데졸 보울 버킷,"55,000","55,000",42,
21380,그림,Unisex,C75YU0374010,레드 에비뉴 20L 백팩,"129,000","129,000",67,
21379,그림,Unisex,C75YU0372060,공용 본레 포레스트 패커블 드로우 경량 백팩,"89,000","89,000",52,
21378,그림,Unisex,C75YU0372010,공용 본레 포레스트 패커블 드로우 경량 백팩,"89,000","89,000",55,
21377,그림,Unisex,C75YU0371010,[무신사 단독] 공용 애슐리 코브 30L 백팩 + 파우치,"139,000","111,200",471,
21376,그림,Unisex,C75YU0369655,공용 본레 포레스트 20L 패커블 경량 백팩,"69,000","69,000",49,
21375,그림,Unisex,C75YU0369484,공용 본레 포레스트 20L 패커블 경량 백팩,"69,000","69,000",45,
21374,그림,Unisex,C75YU0369257,공용 본레 포레스트 20L 패커블 경량 백팩,"69,000","69,000",81,
21373,그림,Unisex,C75YU0369060,공용 본레 포레스트 20L 패커블 경량 백팩,"69,000","69,000",154,
21372,그림,Unisex,C75YU0369010,공용 본레 포레스트 20L 패커블 경량 백팩,"69,000","69,000",169,
21370,그림,Unisex,C75YM0659397,공용 트레일 투 브러쉬 부니,"49,000","49,000",6,
21368,그림,Unisex,C75YM0659010,공용 트레일 투 브러쉬 부니,"49,000","49,000",18,
21272,그림,Men,C71YM6611375,남성 파인 에비뉴 크루넥 긴팔 티셔츠,"99,000","99,000",30,
21271,그림,Men,C71YM6611023,남성 파인 에비뉴 크루넥 긴팔 티셔츠,"99,000","99,000",38,
21270,그림,Men,C71YM6604035,남성 퍼스트 레인지 하프 집업,"119,000","119,000",27,
21269,그림,Men,C71YM6604010,남성 퍼스트 레인지 하프 집업,"119,000","119,000",44,
21266,그림,Men,C71YM3613397,남성 파인 에비뉴 인슐레이션 자켓,"249,000","249,000",21,
21265,그림,Men,C71YM3613011,남성 파인 에비뉴 인슐레이션 자켓,"249,000","249,000",27,
21264,그림,Unisex,C71YM3606439,공용 쓰리 락 자켓,"199,000","199,000",36,
21263,그림,Unisex,C71YM3606346,공용 쓰리 락 자켓,"199,000","199,000",51,
21262,그림,Men,C71YM3502494,남성 카우 마운틴 2L 방수 자켓,"299,000","299,000",39,
21261,그림,Men,C71YM3502010,남성 카우 마운틴 2L 방수 자켓,"299,000","299,000",59,
21257,그림,Women,C71YL6611655,여성 가든 투 파크 긴팔 티셔츠,"99,000","99,000",24,
21256,그림,Women,C71YL6611191,여성 가든 투 파크 긴팔 티셔츠,"99,000","99,000",38,
21255,그림,Women,C71YL6604541,여성 퍼스트 레인지 하프 집업,"119,000","119,000",20,
21254,그림,Women,C71YL6604102,여성 퍼스트 레인지 하프 집업,"119,000","119,000",23,
21251,그림,Unisex,C75YU8771010,[공식몰 단독] 여성 루디 리프 숏 레인부츠,"79,000","79,000",81,
21247,그림,Unisex,C75UU1979643,공용 코튼우드 크릭 사이드백,"29,000","29,000",12,
21244,그림,Men,C75BI0652231,남성 크레스트우드 미드 워터프루프 와이드핏,"159,000","127,200",57,
21232,그림,Men,C72XE9962316,남성 라이트 캐논 소프트쉘 자켓,"149,000","149,000",21,
21231,그림,Men,C72XE9962027,남성 라이트 캐논 소프트쉘 자켓,"149,000","149,000",44,
21230,그림,Men,C72XE9962010,남성 라이트 캐논 소프트쉘 자켓,"149,000","149,000",26,
21192,그림,Men,C71FM3447100,남성 PFG 바하마 엘리트 긴팔 셔츠,"129,000","129,000",24,
21189,그림,Men,C75YM8908010,남성 이스케이프 쓰라이브 샌들,"149,000","149,000",2,
21187,그림,Women,C75YL7787010,여성 이스케이프 쓰라이브 샌들,"149,000","149,000",1,
21186,그림,Men,C75BM7473010,남성 코노스 트릴리움 ATR,"179,000","179,000",77,
21183,그림,Women,C75BL7473023,여성 코노스 트릴리움 ATR,"179,000","179,000",46,
21095,그림,Men,freegift_25101_N,사은품 패딩 머플러(아이보리),0,0,28,
21093,그림,Women,C75YR8156012,여성 트랜스 트레일 워터프루프,"179,000","179,000",26,
21038,그림,Men,C75YE6448010,남성 트랜스 트레일 워터프루프,"179,000","179,000",47,
21028,그림,Unisex,C75CT9272661,공용 프로비전 볼캡,"35,000","35,000",19,
21027,그림,Women,C75BK0998097,여성 크레스트우드 미드 워터프루프 와이드핏,"159,000","127,200",61,
21026,그림,Men,C75BI1209255,남성 크레스트우드 워터프루프 와이드핏,"149,000","119,200",43,
21025,그림,Men,C75BI1209053,남성 크레스트우드 워터프루프 와이드핏,"149,000","119,200",47,
21024,그림,Men,C75BI0652089,남성 크레스트우드 미드 워터프루프 와이드핏,"159,000","127,200",68,
20997,그림,Women,C72AR7147554,여성 다이아몬드 피크 PRO 반팔 티셔츠,"89,000","89,000",14,
20975,그림,Men,C72AE9125278,남성 다이아몬드 피크 PRO 반팔 티셔츠,"89,000","89,000",33,
20974,그림,Men,C72AE9125010,남성 다이아몬드 피크 PRO 반팔 티셔츠,"89,000","89,000",46,
20959,그림,Women,C66YL9726MUL,여성 컬럼비아 미드 컬러 양말 5종,"29,000","29,000",1,
20957,그림,Unisex,C75UU1979010,공용 코튼우드 그릭 사이드 백,"29,000","29,000",40,
20956,그림,Unisex,C75UU1456379,공용 블랙콤브 릿지 18L 백팩,"99,000","99,000",21,
20955,그림,Unisex,C75UU1456010,공용 블랙콤브 릿지 18L 백팩,"99,000","99,000",39,
20954,그림,Unisex,C75UU0951027,공용 트레일 트레블 워터보틀 슬링 백,"35,000","35,000",12,
20952,그림,Unisex,C75CU5631010,공용 쿨헤드 볼캡,"29,000","29,000",1,
20949,그림,Unisex,C75CT9272397,공용 프로비전 볼캡,"35,000","35,000",35,
20948,그림,Unisex,C75CT9272126,공용 프로비전 볼캡,"35,000","35,000",21,
20947,그림,Men,C75BM7473803,남성 코노스 트릴리움 ATR,"179,000","179,000",65,
20946,그림,Men,C75BM0303338,남성 코노스 스피드 트레일 ATR,"199,000","199,000",42,
20945,그림,Men,C75BM0303010,남성 코노스 스피드 트레일 ATR,"199,000","199,000",65,
20944,그림,Women,C75BL7473063,여성 코노스 트릴리움 ATR,"179,000","179,000",47,
20943,그림,Women,C75BL0303648,여성 코노스 스피드 트레일 ATR,"199,000","199,000",42,
20942,그림,Women,C75BL0303010,여성 코노스 스피드 트레일 ATR,"199,000","199,000",41,
20941,그림,Women,C75BK8634010,여성 텔루릭스 타이타늄 아웃드라이 와이드,"219,000","219,000",57,
20939,그림,Men,C75BI8634083,남성 텔루릭스 타이타늄 아웃드라이 와이드,"219,000","219,000",83,
20938,그림,Men,C75BI8634010,남성 텔루릭스 타이타늄 아웃드라이 와이드,"219,000","219,000",108,
20931,그림,Men,C72XE4410027,남성 베나도 림 팬츠,"119,000","119,000",1,
20917,그림,Women,C72AR7147010,여성 다이아몬드 피크 PRO 반팔 티셔츠,"89,000","89,000",14,
20914,그림,Women,C72AR3109375,여성 애커 록 트윌 쇼츠,"89,000","89,000",1,
20913,그림,Women,C72AR3109214,여성 애커 록 트윌 쇼츠,"89,000","89,000",1,
20912,그림,Women,C72AR0863348,여성 칠크릭 카고팬츠,"119,000","119,000",1,
20911,그림,Women,C72AR0863010,여성 칠크릭 카고팬츠,"119,000","119,000",1,
20898,그림,Men,C72AE9400101,공용 CSC 헤비웨이트 백그래픽 반팔 티셔츠,"49,000","49,000",1,
20888,그림,Women,C71XR6553525,여성 클리어몬트 헤이츠 2L 레인 자켓,"259,000","259,000",19,
20887,그림,Women,C71XR6553348,여성 클리어몬트 헤이츠 2L 레인 자켓,"259,000","259,000",32,
20886,그림,Women,C71XR6553278,여성 클리어몬트 헤이츠 2L 레인 자켓,"259,000","259,000",32,
20885,그림,Women,C71XR2133278,여성 토먼트 레인지 II 팬츠,"129,000","129,000",37,
20884,그림,Women,C71XR2133010,여성 토먼트 레인지 II 팬츠,"129,000","129,000",52,
20883,그림,Men,C71XJ9498023,남성 패스 레이크 블러프 II 팬츠,"129,000","129,000",33,
20882,그림,Men,C71XJ9498010,남성 패스 레이크 블러프 II 팬츠,"129,000","129,000",60,
20881,그림,Men,C71XE9920464,공용 센트릴리엄 II 3레이어 방수 자켓,"299,000","299,000",52,
20880,그림,Men,C71XE9920278,공용 센트릴리엄 II 3레이어 방수 자켓,"299,000","299,000",31,
20879,그림,Men,C71XE9920010,공용 센트릴리엄 II 3레이어 방수 자켓,"299,000","299,000",47,
20874,그림,Women,C71AR8383397,여성 파인타운 캐니언 조거 팬츠,"99,000","99,000",15,
20873,그림,Women,C71AR8383010,여성 파인타운 캐니언 조거 팬츠,"99,000","99,000",15,
20872,그림,Men,C71AM8728271,남성 랜드로머 스카우트 팬츠,"119,000","119,000",17,
20871,그림,Men,C71AM8728010,남성 랜드로머 스카우트 팬츠,"119,000","119,000",19,
20870,그림,Men,C71AE8980397,남성 실버 릿지 엘리트 컨버터블 팬츠,"149,000","149,000",32,
20869,그림,Men,C71AE8980010,남성 실버 릿지 엘리트 컨버터블 팬츠,"149,000","149,000",50,
20868,그림,Men,C71AE8947366,남성 ROC 테크 카고 팬츠,"119,000","119,000",76,
20867,그림,Men,C71AE8947010,남성 ROC 테크 카고 팬츠,"119,000","119,000",85,
20864,그림,Unisex,C75PU8809191,공용 스트림 패디드 숄더 백,"35,000","35,000",20,
20863,그림,Unisex,C75PU8724511,[공식몰 단독] 공용 타이거 브룩 미니 패커블 숄더백,"35,000","35,000",40,
20862,그림,Unisex,C75PU8724010,[공식몰 단독] 공용 타이거 브룩 미니 패커블 숄더백,"35,000","35,000",37,
20861,그림,Unisex,C75PU8700191,공용 프라이스 스트림 사코슈백,"39,000","39,000",12,
20860,그림,Unisex,C75PU8700010,공용 스트림 사코슈 백,"39,000","39,000",135,
20859,그림,Unisex,C75PU8664191,공용 케슬락 15L 백팩,"79,000","79,000",11,
20857,그림,Unisex,C75PU8663191,공용 케슬락 20L 백팩,"89,000","89,000",21,
20855,그림,Unisex,C75PU8662191,공용 케슬락 25L 백팩,"99,000","99,000",25,
20854,그림,Unisex,C75PU7249461,[공식몰 단독] 공용 버드릴 라이트 20L 백팩,"89,000","89,000",38,
20853,그림,Unisex,C75PU7249010,[공식몰 단독] 공용 버드릴 라이트 20L 경량 백팩,"89,000","89,000",49,
20852,그림,Unisex,C75PU2434191,공용 스트림 미니 지갑,"15,000","15,000",20,
20851,그림,Unisex,C75PU2434010,공용 스트림 미니 지갑,"15,000","15,000",15,
20850,그림,Unisex,C75PU2410191,공용 스트림 코인 케이스,"13,000","13,000",20,
20849,그림,Unisex,C75PU2410010,공용 스트림 코인 케이스,"13,000","13,000",19,
20848,그림,Unisex,C75PU2409851,공용 프라이스 스트림 이어폰 케이스,"10,000","10,000",20,
20847,그림,Unisex,C75PU2409191,공용 프라이스 스트림 이어폰 케이스,"10,000","10,000",20,
20845,그림,Unisex,C66YU9900316,공용 생츄리투로드 3단 싱글스틱,"110,000","110,000",1,
20843,그림,Unisex,C66YU5200681,공용 호버튜버 옴니테크,"129,000","77,400",1,
20842,그림,Unisex,C66YU5200273,공용 호버튜버 옴니테크,"129,000","77,400",79,
20841,그림,Unisex,C66YU5200191,공용 호버튜버 옴니테크,"129,000","77,400",88,
20840,그림,Unisex,C66YU5200010,공용 호버튜버 옴니테크,"129,000","77,400",114,
20839,그림,Unisex,C66YU4947100,공용 스노우피아 처카 옴니테크 부츠,"149,000","89,400",116,
20838,그림,Unisex,C66YU4947010,공용 스노우피아 처카 옴니테크 부츠,"149,000","89,400",110,
20837,그림,Unisex,C66YU4749247,공용 헨리포크 부츠 OT OHI,"179,000","107,400",27,
20836,그림,Unisex,C66YU4749010,공용 헨리포크 부츠 OT OHI,"179,000","107,400",12,
20833,그림,Unisex,C66YU0678010,공용 프리오 하이크 캡,"54,000","38,880",16,
20832,그림,Unisex,C66YU0677478,공용 데졸 보울 버킷,"55,000","55,000",34,
20829,그림,Unisex,C66YU0672010,공용 스노우슈 돔 이어플랩 캡,"50,000","36,000",6,
20828,그림,Unisex,C66YU0653221,공용 스태틱 포인트 이어 머프,"29,000","23,200",27,
20825,그림,Unisex,C66YU0645010,공용 모샤삭 코브 캡,"50,000","40,000",68,
20824,그림,Unisex,C66YU0642464,[그라플렉스] 공용 대쉬 투 코브 로페 캡,"50,000","31,500",17,
20823,그림,Unisex,C66YU0642191,[그라플렉스] 공용 대쉬 투 코브 로페 캡,"50,000","31,500",45,
20821,그림,Unisex,C66YU0633348,공용 롤링 코브Ⅱ 캡,"39,000","39,000",1,
20818,그림,Unisex,C66YU0370010,[그라플렉스] 공용 크릭 투 포인트 25L 백팩,"109,000","68,670",14,
20817,그림,Unisex,C66YU0368397,공용 더글라스 패스 30L 백팩,"149,000","107,280",51,
20816,그림,Unisex,C66YU0368010,공용 더글라스 패스 30L 백팩,"149,000","107,280",63,
20815,그림,Unisex,C66YU0154431,공용 헤이지 저니 2 워터프루프 스니커즈,"149,000","149,000",1,
20814,그림,Unisex,C66YU0154191,공용 헤이지 저니 2 워터프루프,"149,000","149,000",1,
20813,그림,Unisex,C66YU0154023,공용 헤이지 저니 2 워터프루프,"149,000","149,000",1,
20810,그림,Women,C66YR0136278,여성 트랜스트레커 아웃드라이 와이드,"189,000","132,300",2,
20809,그림,Women,C66YR0136029,여성 트랜스트레커 아웃드라이 와이드,"189,000","132,300",2,
20808,그림,Unisex,C66YM0696231,공용 다운 투 다크 트래퍼,"85,000","68,000",103,
20807,그림,Unisex,C66YM0696027,공용 다운 투 다크 트래퍼,"85,000","68,000",105,
20806,그림,Unisex,C66YM0659439,공용 트레일 투 브러쉬 부니,"49,000","49,000",30,
20805,그림,Unisex,C66YM0659398,공용 트레일 투 브러쉬 부니,"49,000","49,000",69,
20796,그림,Unisex,C66UU4597364,공용 트리플캐니언 백팩,"149,000","107,280",8,
20795,그림,Unisex,C66UU4597352,공용 트리플캐니언 백팩,"149,000","107,280",38,
20794,그림,Unisex,C66UU4597010,공용 트리플캐니언 백팩,"149,000","107,280",53,
20791,그림,Unisex,C66UU0951659,트레일 트레블 워터보틀 물병 파우치 슬링백,"35,000","35,000",7,
20787,그림,Unisex,C66PU8727508,공용 그레이트 스모키 가든 22L 데이팩,"109,000","78,480",26,
20786,그림,Unisex,C66PU8727010,공용 그레이트 스모키 가든 22L 데이팩,"109,000","78,480",14,
20785,그림,Unisex,C66PU8709888,공용 패나시아 30L 백팩,"99,000","71,280",14,
20784,그림,Unisex,C66PU8709326,공용 패나시아 30L 백팩,"99,000","71,280",6,
20781,그림,Unisex,C66PU8665888,[공식몰 단독]공용 패나시아 25L 백팩,"89,000","62,300",9,
20778,그림,Unisex,C66PU5803397,공용 레인보우 스파이어 부니,"49,000","39,200",2,
20777,그림,Unisex,C66PU5803010,공용 레인보우 스파이어 부니,"49,000","39,200",1,
20776,그림,Unisex,C66PU2406010,공용 스트림 바틀홀더 크로스백,"19,000","19,000",50,
20775,그림,Unisex,C66CU3199271,공용 트윈 캐니언 볼캡,"29,000","20,880",13,
20774,그림,Unisex,C66CU3199023,공용 트윈 캐니언 볼캡,"29,000","20,880",14,
20773,그림,Unisex,C66CU3199010,공용 트윈 캐니언 볼캡,"29,000","20,880",30,
20772,그림,Unisex,C66CU2844257,[공식몰 단독] 공용 랜드로머 이어플랩 캡,"49,000","39,200",21,
20771,그림,Unisex,C66CU2844010,[공식몰 단독] 공용 랜드로머 이어플랩 캡,"49,000","39,200",2,
20770,그림,Unisex,C66CU1539851,공용 크릭 사이드 5 패널 햇,"39,000","28,080",12,
20769,그림,Unisex,C66CT9272758,공용 프로비전 볼캡,"35,000","35,000",31,
20768,그림,Unisex,C66CT9272659,공용 프로비전 볼캡,"35,000","35,000",37,
20766,그림,Women,C66CL1014031,여성 크루저 릿지 소프트쉘 글러브,"49,000","49,000",46,
20765,그림,Men,C66BM7922083,남성 보야져 FLX,"159,000","111,300",51,
20764,그림,Men,C66BM7922010,남성 보야져 FLX,"159,000","111,300",59,
20762,그림,Men,C66BM6246012,남성 코노스 TRS 아웃드라이,"189,000","189,000",1,
20761,그림,Women,C66BL7922125,여성 보야져 FLX,"159,000","111,300",50,
20760,그림,Women,C66BL7922010,여성 보야져 FLX,"159,000","111,300",44,
20759,그림,Women,C66BL6246012,여성 코노스 TRS 아웃드라이,"189,000","189,000",2,
20757,그림,Women,C66BK5371271,여성 크레스트우드 미드 워터프루프 와이드핏,"159,000","111,300",1,
20756,그림,Women,C66BK5371231,여성 크레스트우드 미드 워터프루프 와이드핏,"159,000","111,300",70,
20755,그림,Men,C66BI9168091,남성 픽프릭 러쉬 아웃드라이 와이드,"199,000","199,000",37,
20751,그림,Women,C64XR9829028,여성 타임 투 트레일 옴니히트 팬츠,"139,000","87,570",24,
20750,그림,Women,C64WR3825278,여성 드랍 릿지 II 인터체인지 자켓,"319,000","191,400",1,
20749,그림,Women,C64WR3825010,여성 드랍 릿지 II 인터체인지 자켓,"319,000","191,400",4,
20748,그림,Women,C63WR0541364,여성 레인 노 샤인 아웃드라이 방수 자켓,"259,000","259,000",28,
20747,그림,Women,C63WR0541010,여성 레인 노 샤인 아웃드라이 방수 자켓,"259,000","259,000",31,
20746,그림,Unisex,C75UU8635258,공용 스트릿 트랜짓 III 백팩,"109,000","109,000",10,
20745,그림,Unisex,C75UU8635010,공용 스트릿 트랜짓 III 백팩,"109,000","109,000",19,
20744,그림,Unisex,C75CU8623278,스피드 트레일 볼캡,"49,000","49,000",1,
20743,그림,Unisex,C75CU8623100,스피드 트레일 볼캡,"49,000","49,000",1,
20742,그림,Men,C75BM4131383,남성 픽프릭 러쉬 아웃드라이 미드,"209,000","209,000",57,
20741,그림,Women,C75BL4131063,여성 픽프릭 러쉬 아웃드라이 미드,"209,000","209,000",31,
20740,그림,Women,C75BK9168063,여성 픽프릭 러쉬 아웃드라이 와이드,"199,000","199,000",42,
20739,그림,Women,C75BK8634083,여성 텔루릭스 타이타늄 아웃드라이 와이드,"219,000","219,000",58,
20738,그림,Men,C75BI9168096,남성 픽프릭 러쉬 아웃드라이 와이드,"199,000","199,000",56,
20737,그림,Men,C75BI9168010,남성 픽프릭 러쉬 아웃드라이 와이드,"199,000","199,000",103,
20736,그림,Men,C75BI8634845,남성 텔루릭스 타이타늄 아웃드라이 와이드,"219,000","219,000",45,
20728,그림,Men,C72AM5480271,남성 랜드로머 스카우트 쇼츠,"79,000","79,000",14,
20727,그림,Men,C72AM5480010,남성 랜드로머 스카우트 쇼츠,"79,000","79,000",18,
20723,그림,Women,C71WR7549551,여성 시에나 힐 퀼팅 자켓,"159,000","159,000",18,
20722,그림,Women,C71WR7549348,여성 시에나 힐 퀼팅 자켓,"159,000","159,000",29,
20717,그림,Women,C71AR5760127,[공식몰 단독] 여성 헬베시아 II 프린티드 하프스냅 플리스 풀오버,"89,000","89,000",1,
20716,그림,Women,C71AR5760126,[공식몰 단독] 여성 헬베시아 II 프린티드 하프스냅 플리스 풀오버,"89,000","89,000",82,
20715,그림,Women,C71AR3267271,여성 트레버스 투 트레일 2.0 팬츠,"139,000","139,000",26,
20714,그림,Women,C71AR3267010,여성 트레버스 투 트레일 2.0 팬츠,"139,000","139,000",31,
20713,그림,Women,C71AR0411397,여성 실버 릿지 엘리트 팬츠,"139,000","139,000",23,
20712,그림,Women,C71AR0411010,여성 실버 릿지 엘리트 팬츠,"139,000","139,000",34,
20711,그림,Unisex,C75CU7808125,윙마크 캡,"39,000","39,000",1,
20710,그림,Men,C75BM1935010,남성 PFG 프로 스포츠 부츠,"169,000","169,000",90,
20701,그림,Women,C71WR1626491,여성 카시아 프로 ODX 쉘 방수자켓,"399,000","399,000",13,
20700,그림,Women,C71WR1626010,여성 카시아 프로 ODX 쉘 방수자켓,"399,000","399,000",13,
20699,그림,Men,C71WE7462845,남성 소우덴 프로 3L 방수 자켓,"499,000","499,000",13,
20698,그림,Men,C71WE7462010,남성 소우덴 프로 3L 방수 자켓,"499,000","499,000",15,
20697,그림,Women,C71AR7330008,여성 헬베시아 II 크롭 하프스냅 플리스 풀오버,"79,000","79,000",190,
20696,그림,Women,C71AR5760610,[공식몰 단독] 여성 헬베시아 II 프린티드 하프스냅 플리스 풀오버,"89,000","89,000",14,
20695,그림,Men,C71AM4935271,남성 랜드로머 하프집 오버셔츠,"119,000","119,000",17,
20694,그림,Men,C71AM4935010,남성 랜드로머 하프집 오버셔츠,"119,000","119,000",22,
20693,그림,Unisex,C71AE4498462,[공식몰 단독] 공용 헬베시아 II 프린티드 하프스냅 플리스 풀오버,"89,000","89,000",152,
20692,그림,Unisex,C71AE4498227,[공식몰 단독] 공용 헬베시아 II 프린티드 하프스냅 플리스 풀오버,"89,000","89,000",80,
20677,그림,Unisex,C66YU0366010,공용 레드우드 30L 뉴 플러스 백팩,"149,000","149,000",6,
20672,그림,Women,C71WR6042027,여성 소우덴 프로 3L 방수 자켓,"499,000","499,000",9,
20671,그림,Men,C71WE8104491,남성 카시아 프로 ODX 쉘 방수자켓,"399,000","399,000",11,
20670,그림,Men,C71WE8104010,남성 카시아 프로 ODX 쉘 방수자켓,"399,000","399,000",11,
20657,그림,Unisex,C66YU2125416,공용 365 트랙 스트레치 장갑,"59,000","59,000",38,
20656,그림,Unisex,C66YU2125010,공용 365 트랙 스트레치 장갑,"59,000","59,000",27,
20655,그림,Unisex,C66YU0369397,본레 포레스트 20L 패커블 경량 백팩,"69,000","69,000",29,
20654,그림,Unisex,C66YU0369287,본레 포레스트 20L 패커블 경량 백팩,"69,000","69,000",2,
20653,그림,Men,C66YM2461342,[스타워즈] 남성 엔도어 이슈 부츠,"299,000","299,000",12,
20652,그림,Unisex,C66YU0703439,공용 윌로우 루프 코듀로이 버킷햇,"65,000","52,000",33,
20651,그림,Unisex,C66YU0703287,공용 윌로우 루프 코듀로이 버킷햇,"65,000","52,000",28,
20650,그림,Unisex,C66YU0697435,공용 365 트랙 이어플랩 캡,"69,000","69,000",24,
20649,그림,Unisex,C66YU0697319,공용 365 트랙 이어플랩 캡,"69,000","69,000",27,
20648,그림,Unisex,C66YU0697010,공용 365 트랙 이어플랩 캡,"69,000","69,000",1,
20647,그림,Unisex,C66YU0678494,공용 프리오 하이크 방한용 캡,"54,000","38,880",15,
20646,그림,Unisex,C66YU0678373,공용 프리오 하이크 방한용 캡,"54,000","38,880",17,
20645,그림,Unisex,C66YU0678211,공용 프리오 하이크 방한용 캡,"54,000","38,880",22,
20644,그림,Unisex,C66YU0672439,공용 스노우슈 돔2 플리스 플랩캡,"50,000","36,000",24,
20643,그림,Unisex,C66YU0672191,공용 스노우슈 돔2 플리스 플랩캡,"50,000","36,000",32,
20642,그림,Unisex,C66YU0672013,공용 스노우슈 돔2 플리스 플랩캡,"50,000","36,000",17,
20641,그림,Unisex,C66YU0615313,공용 리저브 투 돔 인슐레이션 버킷,"65,000","46,800",23,
20640,그림,Unisex,C66YU0615211,공용 리저브 투 돔 인슐레이션 버킷,"65,000","46,800",39,
20639,그림,Unisex,C66YU0615010,공용 리저브 투 돔 인슐레이션 버킷,"65,000","46,800",35,
20638,그림,Unisex,C66YM0696010,공용 다운 투 다크 트래퍼,"85,000","68,000",2,
20637,그림,Unisex,C66YU0398010,공용 365 트랙 20L 백팩,"119,000","119,000",8,
20636,그림,Unisex,C66YU0397416,공용 365 트랙 스몰백,"79,000","79,000",17,
20635,그림,Unisex,C66YU0397351,공용 365 트랙 스몰백,"79,000","79,000",19,
20632,그림,Unisex,C66YU0369060,공용 본레 포레스트 20L 패커블 경량 백팩,"69,000","69,000",2,
20631,그림,Unisex,C66YU0367010,공용 레드우드 35L 백팩,"159,000","159,000",1,
20627,그림,Men,C64YM3586381,남성 브릿지 힐 라이트웨이트 자켓,"299,000","209,300",29,
20626,그림,Men,C64YM3586010,남성 브릿지 힐 라이트웨이트 자켓,"299,000","209,300",2,
20613,그림,Unisex,C75XU9181265,공용 CSC1938 V1 5-패널 햇,"59,000","59,000",1,
20612,그림,Unisex,C75XU4041010,공용 CSC1938 V1 비니,"65,000","65,000",2,
20611,그림,Men,C71XM9621265,남성 CSC1938 V1 카모프린트 롱슬리브 티셔츠,"129,000","129,000",5,
20610,그림,Men,C71XM8852125,남성 CSC1938 V1 롱슬리브 티셔츠,"119,000","119,000",6,
20609,그림,Men,C71XM8599010,남성 CSC1938 V1 후드 풀오버,"149,000","149,000",3,
20608,그림,Men,C71XM4875265,남성 CSC1938 듀얼리 마운틴 카모프린트 아우터체인지,"629,000","629,000",4,
20607,그림,Men,C71XM1756010,남성 CSC1938 듀얼리 마운틴 아우터체인지,"629,000","629,000",7,
20606,그림,Men,C71XM0095125,남성 CSC1938 V1 숏슬리브 티셔츠,"95,000","95,000",4,
20605,그림,Men,C71XM0095010,남성 CSC1938 V1 숏슬리브 티셔츠,"95,000","95,000",2,
20602,그림,Unisex,C66XU7510342,[스타워즈] 공용 엔도어 이슈 볼캡,"69,000","69,000",1,
20601,그림,Unisex,C66XU7272383,[스타워즈] 공용 엔도어 이슈 카고 백팩,"179,000","179,000",4,
20600,그림,Unisex,C66XU3409383,[스타워즈] 공용 엔도어 이슈 보틀 슬링백,"99,000","99,000",17,
20598,그림,Men,C66BI9168010,남성 픽프릭 러쉬 아웃드라이 와이드,"199,000","199,000",1,
20597,그림,Men,C64XM9802225,[스타워즈] 남성 제네럴 한 솔로 트렌치 인터체인지 코트,"899,000","899,000",5,
20595,그림,Unisex,C63XM9038297,[스타워즈] 공용 엔도어 이슈 후드 티셔츠,"199,000","199,000",18,
20594,그림,Unisex,C63XM9038102,[스타워즈] 공용 엔도어 이슈 후드 티셔츠,"199,000","199,000",21,
20592,그림,Unisex,C63XM8347342,[스타워즈] 공용 엔도어 이슈 반팔 티셔츠,"99,000","99,000",18,
20591,그림,Unisex,C63XM8347102,[스타워즈] 공용 엔도어 이슈 반팔 티셔츠,"99,000","99,000",25,
20589,그림,Men,C63XM3339347,[스타워즈] 공용 엔도어 이슈 판초,"619,000","619,000",9,
20588,그림,Men,C63XM3339225,[스타워즈] 공용 엔도어 이슈 판초,"619,000","619,000",9,
20587,그림,Unisex,C63XM2675297,[스타워즈] 공용 엔도어 이슈 긴팔 티셔츠,"109,000","109,000",14,
20586,그림,Unisex,C63XM2675010,[스타워즈] 공용 엔도어 이슈 긴팔 티셔츠,"109,000","109,000",10,
20585,그림,Men,C63XM2165102,[스타워즈] 남성 엔도어 이슈 하프 집업 티셔츠,"139,000","139,000",4,
20576,그림,Unisex,C66CU2691010,공용 포인트 파크 플리스 글러브,"49,000","39,200",63,
20574,그림,Unisex,C66CU0191191,공용 패스트 트랙 II 게이터,"20,000","20,000",6,
20572,그림,Unisex,C66CU0185013,공용 시티트랙 해비웨이트 비니,"29,000","29,000",35,
20570,그림,Men,C66BI1209234,남성 크레스트우드 로우 워터프루프 와이드핏,"149,000","119,200",1,
20566,그림,Men,C64YM8596346,남성 스톤 데쉬 플리스 스트레이트 팬츠,"169,000","135,200",40,
20565,그림,Men,C64YM8596010,남성 스톤 데쉬 플리스 스트레이트 팬츠,"169,000","135,200",27,
20564,그림,Men,C64YM8587439,남성 다트 포레스트 코듀로이 팬츠,"169,000","118,300",18,
20563,그림,Men,C64YM8587211,남성 다트 포레스트 코듀로이 팬츠,"169,000","118,300",48,
20562,그림,Men,C64YM8578439,남성 니나 트레일 인슐레이션 스트레이트 팬츠,"219,000","137,970",44,
20561,그림,Men,C64YM8578010,남성 니나 트레일 인슐레이션 스트레이트 팬츠,"219,000","137,970",60,
20560,그림,Men,C64YM8576028,남성 혹킹 림 인슐레이션 스트레이트 팬츠,"199,000","125,370",37,
20559,그림,Men,C64YM8576010,남성 혹킹 림 인슐레이션 스트레이트 팬츠,"199,000","125,370",30,
20558,그림,Men,C64YM7597435,남성 어드벤처 365 마운틴 인슐레이티드 긴팔 셔켓,"209,000","209,000",31,
20557,그림,Men,C64YM7597010,남성 어드벤처 365 마운틴 인슐레이티드 긴팔 셔켓,"209,000","209,000",29,
20556,그림,Men,C64YM7587439,남성 다트 포레스트 코듀로이 셔츠,"179,000","125,300",23,
20555,그림,Men,C64YM7587211,남성 다트 포레스트 코듀로이 셔츠,"179,000","125,300",27,
20554,그림,Men,C64YM6597416,남성 어드벤처 365 긴팔 하프집티,"129,000","90,300",20,
20553,그림,Men,C64YM6597351,남성 어드벤처 365 긴팔 하프집티,"129,000","90,300",20,
20552,그림,Men,C64YM6597010,남성 어드벤처 365 긴팔 하프집티,"129,000","90,300",31,
20551,그림,Men,C64YM6577211,남성 락 리저브 하프 집업,"129,000","90,300",27,
20550,그림,Men,C64YM6577011,남성 락 리저브 하프 집업,"129,000","90,300",15,
20549,그림,Men,C64YM6576160,남성 세컨드 픽 크루,"139,000","87,570",36,
20548,그림,Men,C64YM6576010,남성 세컨드 픽 크루,"139,000","87,570",23,
20547,그림,Men,C64YM5597319,남성 어드벤쳐 365 플리스 자켓,"189,000","189,000",17,
20546,그림,Men,C64YM5597010,남성 어드벤쳐 365 플리스 자켓,"189,000","189,000",5,
20545,그림,Men,C64YM3597435,남성 어드벤처365 경량 구스 다운 자켓,"369,000","369,000",6,
20542,그림,Men,C64YM3596346,남성 스톤 데쉬 플리스 자켓,"209,000","167,200",26,
20541,그림,Men,C64YM3596010,남성 스톤 데쉬 플리스 자켓,"209,000","167,200",2,
20540,그림,Men,C64YM3576373,남성 혹킹 림 인슐레이션 자켓,"259,000","163,170",26,
20539,그림,Men,C64YM3576010,남성 혹킹 림 인슐레이션 자켓,"259,000","163,170",33,
20538,그림,Women,C64YL8596160,여성 스톤 데쉬 플리스 스트레이트 팬츠,"169,000","106,470",22,
20537,그림,Women,C64YL8596010,여성 스톤 데쉬 플리스 스트레이트 팬츠,"169,000","106,470",32,
20536,그림,Women,C64YL8578011,여성 클로버 폴스 스트레이트 라이닝 팬츠,"179,000","143,200",68,
20535,그림,Women,C64YL8578010,여성 클로버 폴스 스트레이트 라이닝 팬츠,"179,000","143,200",47,
20534,그림,Women,C64YL8576211,여성 혹킹 림 인슐레이션 스트레이트 팬츠,"199,000","125,370",16,
20533,그림,Women,C64YL8576010,여성 혹킹 림 인슐레이션 스트레이트 팬츠,"199,000","125,370",22,
20532,그림,Women,C64YL6597775,여성 어드벤처 365 긴팔 하프집티,"129,000","90,300",16,
20531,그림,Women,C64YL6597125,여성 어드벤처 365 긴팔 하프집티,"129,000","90,300",16,
20530,그림,Women,C64YL6597010,여성 어드벤처 365 긴팔 하프집티,"129,000","90,300",20,
20529,그림,Women,C64YL6583105,여성 리버 투 스윕 터틀넥,"79,000","63,200",31,
20528,그림,Women,C64YL6583011,여성 리버 투 스윕 터틀넥,"79,000","63,200",40,
20527,그림,Women,C64YL6577105,여성 락 리저브 하프 집업,"129,000","81,270",31,
20526,그림,Women,C64YL6577011,여성 락 리저브 하프 집업,"129,000","81,270",27,
20525,그림,Women,C64YL6576035,여성 세컨드 픽 크루,"139,000","87,570",33,
20524,그림,Women,C64YL6576010,여성 세컨드 픽 크루,"139,000","87,570",29,
20523,그림,Women,C64YL5597886,여성 어드벤쳐 365 플리스 자켓,"189,000","189,000",18,
20522,그림,Women,C64YL5597125,여성 어드벤쳐 365 플리스 자켓,"189,000","189,000",17,
20521,그림,Women,C64YL5597010,여성 어드벤쳐 365 플리스 자켓,"189,000","189,000",16,
20520,그림,Women,C64YL3597775,여성 어드벤처365 경량 구스 다운 자켓,"369,000","369,000",16,
20519,그림,Women,C64YL3597125,여성 어드벤처365 경량 구스 다운 자켓,"369,000","369,000",1,
20518,그림,Women,C64YL3597010,여성 어드벤처365 경량 구스 다운 자켓,"369,000","369,000",7,
20517,그림,Women,C64YL3596160,여성 스톤 데쉬 플리스 자켓,"209,000","131,670",16,
20516,그림,Women,C64YL3596010,여성 스톤 데쉬 플리스 자켓,"209,000","131,670",34,
20515,그림,Women,C64YL3585626,여성 파운 피크 다운 자켓,"379,000","265,300",36,
20514,그림,Women,C64YL3585010,여성 파운 피크 다운 자켓,"379,000","265,300",18,
20513,그림,Women,C64YL3576395,여성 혹킹 림 인슐레이션 자켓,"259,000","163,170",36,
20512,그림,Women,C64YL3576211,여성 혹킹 림 인슐레이션 자켓,"259,000","163,170",24,
20511,그림,Women,C64YL1581105,여성 카멜 포인트 인슐레이션 베스트,"199,000","125,370",35,
20510,그림,Women,C64YL1581010,여성 카멜 포인트 인슐레이션 베스트,"199,000","125,370",33,
20504,그림,Men,C63YM8593010,[추영우 착용] 남성 365 트랙 팬츠,"169,000","169,000",9,
20503,그림,Men,C63YM8593003,남성 365 트랙 팬츠,"169,000","169,000",14,
20502,그림,Men,C63YM6593416,남성 365 트랙 긴팔 라운드티,"99,000","99,000",17,
20501,그림,Men,C63YM6593351,남성 365 트랙 긴팔 라운드티,"99,000","99,000",27,
20500,그림,Men,C63YM6593003,남성 365 트랙 긴팔 라운드티,"99,000","99,000",24,
20499,그림,Men,C63YM6565439,남성 제리 코브 크루 티셔츠,"89,000","56,070",33,
20498,그림,Men,C63YM6565160,[추영우 착용] 남성 제리 코브 크루 티셔츠,"89,000","56,070",33,
20497,그림,Men,C63YM6553278,남성 베이스 트레일 하프 스냅,"119,000","74,970",40,
20496,그림,Men,C63YM6553011,남성 베이스 트레일 하프 스냅,"119,000","74,970",31,
20495,그림,Unisex,C63YM3593416,공용 365 트랙 2L 방수자켓,"359,000","359,000",35,
20494,그림,Unisex,C63YM3593351,[추영우 착용] 공용 365 트랙 2L 방수자켓,"359,000","359,000",52,
20493,그림,Unisex,C63YM3593125,공용 365 트랙 2L 방수자켓,"359,000","359,000",51,
20492,그림,Unisex,C63YM3593010,공용 365 트랙 2L 방수자켓,"359,000","359,000",44,
20491,그림,Women,C63YL8593319,여성 365 트랙 팬츠,"169,000","169,000",15,
20490,그림,Women,C63YL8593010,여성 365 트랙 팬츠,"169,000","169,000",11,
20489,그림,Women,C63YL6593886,여성 365 트랙 긴팔 라운드티,"99,000","99,000",15,
20488,그림,Women,C63YL6593125,여성 365 트랙 긴팔 라운드티,"99,000","99,000",13,
20487,그림,Women,C63YL6593010,여성 365 트랙 긴팔 라운드티,"99,000","99,000",16,
20486,그림,Women,C63YL6561105,여성 제리 코브 크루,"89,000","56,070",17,
20485,그림,Women,C63YL6561010,여성 제리 코브 크루,"89,000","56,070",15,
20484,그림,Women,C63YL6553160,여성 베이스 트레일 하프 스냅,"119,000","74,970",24,
20483,그림,Women,C63YL6553011,여성 베이스 트레일 하프 스냅,"119,000","74,970",25,
20474,그림,Men,C64YM8597435,남성 어드벤처 365 인슐레이티드 팬츠,"219,000","219,000",19,
20473,그림,Men,C64YM8597319,남성 어드벤처 365 인슐레이티드 팬츠,"219,000","219,000",19,
20472,그림,Men,C64YM8597010,남성 어드벤처 365 인슐레이티드 팬츠,"219,000","219,000",1,
20471,그림,Men,C64YM8582030,남성 커렌트 코브 테이퍼드 팬츠,"159,000","100,170",37,
20470,그림,Men,C64YM8582011,남성 커렌트 코브 테이퍼드 팬츠,"159,000","100,170",38,
20469,그림,Unisex,C64YM1597435,공용 어드벤처 365 경량 인슐레이티드 베스트,"259,000","259,000",17,
20468,그림,Unisex,C64YM1597010,공용 어드벤처 365 경량 인슐레이티드 베스트,"259,000","259,000",17,
20467,그림,Men,C64YM1584211,남성 콘 힐 인슐레이션 베스트,"159,000","127,200",45,
20466,그림,Men,C64YM1584010,남성 콘 힐 인슐레이션 베스트,"159,000","127,200",36,
20464,그림,Women,C64YL8597010,여성 어드벤처 365 인슐레이티드 팬츠,"219,000","219,000",13,
20463,그림,Women,C64YL8597003,여성 어드벤처 365 인슐레이티드 팬츠,"219,000","219,000",17,
20462,그림,Women,C64YL8583439,여성 하카루 콘 코듀로이 스커트,"139,000","97,300",37,
20461,그림,Women,C64YL8583287,여성 하카루 콘 코듀로이 스커트,"139,000","97,300",17,
20460,그림,Women,C64YL8582191,여성 마일즈 패스 니트 셋업 팬츠,"139,000","87,570",27,
20459,그림,Women,C64YL8582010,여성 마일즈 패스 니트 셋업 팬츠,"139,000","87,570",36,
20458,그림,Women,C64YL8581193,여성 사코 포크 팬츠,"169,000","106,470",39,
20457,그림,Women,C64YL8581010,여성 사코 포크 팬츠,"169,000","106,470",62,
20456,그림,Women,C64YL6582191,여성 마일즈 패스 니트 셋업 자켓,"179,000","112,770",36,
20455,그림,Women,C64YL6582010,여성 마일즈 패스 니트 셋업 자켓,"179,000","112,770",28,
20451,그림,Men,C63YM8551494,남성 하이크 투 림 스트레이트 팬츠,"149,000","107,280",29,
20450,그림,Men,C63YM8551211,남성 하이크 투 림 스트레이트 팬츠,"149,000","107,280",43,
20449,그림,Men,C63YM8551010,남성 하이크 투 림 스트레이트 팬츠,"149,000","107,280",59,
20448,그림,Men,C63YM6551027,남성 팩 포인트 하프 집업,"119,000","95,200",28,
20447,그림,Men,C63YM6551010,남성 팩 포인트 하프 집업,"119,000","95,200",1,
20446,그림,Men,C63YM3556395,[추영우 착용] 남성 리 하이크 바람막이 자켓,"249,000","156,870",35,
20445,그림,Men,C63YM3556011,남성 리 하이크 자켓,"249,000","156,870",28,
20444,그림,Men,C63YM3553494,남성 할로우탑 마운틴 2L 자켓,"299,000","239,200",21,
20443,그림,Men,C63YM3553211,남성 할로우탑 마운틴 2L 자켓,"299,000","239,200",17,
20442,그림,Women,C63YL8561313,여성 덕 리버 테이퍼드 팬츠,"149,000","93,870",28,
20441,그림,Women,C63YL8561010,여성 덕 리버 테이퍼드 팬츠,"149,000","93,870",34,
20440,그림,Women,C63YL8551395,여성 하이크 투 림 스트레이트 팬츠,"149,000","93,870",34,
20439,그림,Women,C63YL8551010,여성 하이크 투 림 스트레이트 팬츠,"149,000","93,870",45,
20438,그림,Women,C63YL6551278,여성 팩 포인트 하프 집업,"119,000","74,970",43,
20437,그림,Women,C63YL6551010,여성 팩 포인트 하프 집업,"119,000","74,970",26,
20436,그림,Women,C63YL3566241,여성 바크 비치 2L 옴니 테크 방수 자켓,"299,000","188,370",17,
20435,그림,Women,C63YL3566010,여성 바크 비치 2L 옴니 테크 자켓,"299,000","188,370",22,
20434,그림,Women,C63YL3556743,여성 리 하이크 자켓,"249,000","156,870",26,
20433,그림,Women,C63YL3556287,여성 리 하이크 경량 바람막이 자켓,"249,000","156,870",29,
20432,그림,Women,C63YL3553629,여성 할로우탑 마운틴 2L 자켓,"299,000","215,280",15,
20431,그림,Women,C63YL3553278,여성 할로우탑 마운틴 2L 자켓,"299,000","215,280",21,
20427,그림,Men,C64YM3588439,남성 톤토 돔 디터쳐블 다운 자켓,"399,000","279,300",18,
20426,그림,Men,C64YM3588313,[추영우 착용] 남성 톤토 돔 디터쳐블 다운 자켓,"399,000","279,300",30,
20425,그림,Men,C64YM3584395,남성 블루 에비뉴 다운 자켓,"439,000","351,200",47,
20424,그림,Men,C64YM3584030,남성 블루 에비뉴 다운 자켓,"439,000","351,200",12,
20423,그림,Men,C64YM3584010,남성 블루 에비뉴 다운 자켓,"439,000","351,200",89,
20422,그림,Women,C64YL3587581,여성 유니온 리버 다운 자켓,"379,000","265,300",46,
20421,그림,Women,C64YL3587105,여성 유니온 리버 다운 자켓,"379,000","265,300",83,
20420,그림,Women,C64YL3587010,여성 유니온 리버 다운 자켓,"379,000","265,300",78,
20419,그림,Unisex,C64YM3583035,공용 롤링 콘 롱 다운 자켓,"619,000","433,300",89,
20418,그림,Unisex,C64YM3583010,공용 롤링 콘 롱 다운 자켓,"619,000","433,300",213,
20400,그림,Women,C66YK7183286,여성 뉴튼 완다 와이드,"159,000","111,300",32,
20388,그림,Unisex,C66CU2691278,공용 포인트 파크 플리스 글러브,"49,000","39,200",32,
20387,그림,Unisex,C66CU0185491,공용 시티트랙 해비웨이트 비니,"29,000","29,000",2,
20386,그림,Unisex,C66CU0185465,공용 시티트랙 해비웨이트 비니,"29,000","29,000",29,
20385,그림,Men,C66CM7252010,남성 아틱 크레스트 글러브,"49,000","49,000",29,
20384,그림,Men,C66CM4726397,남성 파우더 라이트 글러브,"59,000","59,000",5,
20383,그림,Men,C66CM4726010,남성 파우더 라이트 글러브,"59,000","59,000",7,
20382,그림,Women,C66CL9684010,여성 파우더 라이트 글러브,"59,000","59,000",10,
20381,그림,Women,C66CL0358010,여성 아틱 크레스트 장갑,"49,000","49,000",24,
20380,그림,Men,C66BM4159010,남성 버가부츠 3 XTM,"179,000","179,000",2,
20379,그림,Men,C66BM4131247,[추영우 착용] 남성 픽프릭 러쉬 아웃드라이 미드,"209,000","209,000",1,
20377,그림,Men,C66BM2186010,남성 익스페디셔니스트 피크 ODX 부츠,"259,000","181,300",3,
20374,그림,Women,C66BK9165395,여성 스노우트롯 미드 와이드 부츠,"159,000","111,300",48,
20373,그림,Women,C66BK9165012,여성 스노우트롯 미드 와이드 부츠,"159,000","111,300",66,
20372,그림,Women,C66BK6266010,여성 미닉스 엑스트라 쇼티 와이드핏,"149,000","104,300",40,
20371,그림,Women,C66BK0998096,여성 크레스트우드 미드 워터프루프 와이드핏,"159,000","127,200",6,
20369,그림,Men,C66BI5718089,남성 뉴튼 완다 와이드 미드,"159,000","111,300",38,
20368,그림,Men,C66BI0652234,남성 크레스트우드 미드 워터프루프 와이드핏,"159,000","127,200",3,
20367,그림,Men,C66BI0652014,남성 크레스트우드 미드 워터프루프 와이드핏,"159,000","127,200",6,
20361,그림,Unisex,C64AE5780367,[공식몰 단독] 공용 헬베시아 II 하프스냅 플리스 풀오버,"79,000","79,000",1,
20360,그림,Unisex,C64AE5780191,공용 헬베시아 II 하프스냅 플리스 아노락,"79,000","79,000",2,
20359,그림,Unisex,C64AE5780010,공용 헬베시아 II 하프스냅 플리스 풀오버,"79,000","79,000",15,
20357,그림,Unisex,C64AE4498349,공용 헬베시아 II 프린티드 하프스냅 플리스 풀오버,"89,000","89,000",45,
20356,그림,Unisex,C64AE4498225,공용 헬베시아 II 프린티드 하프스냅 플리스 풀오버,"89,000","89,000",129,
20350,그림,Men,C64YM8573011,남성 그레이 락 스트레이트 팬츠,"199,000","159,200",45,
20349,그림,Men,C64YM8573010,남성 그레이 락 스트레이트 팬츠,"199,000","159,200",32,
20348,그림,Unisex,C64YM3579010,공용 컬럼비아 락 롱 다운 자켓,"799,000","639,200",5,
20347,그림,Men,C64YM3574027,[추영우 착용] 남성 마운틴 후드 다운 자켓,"659,000","527,200",32,
20346,그림,Men,C64YM3574011,공용 마운틴 후드 다운 자켓,"659,000","527,200",50,
20345,그림,Men,C64YM3574010,공용 마운틴 후드 다운 자켓,"659,000","527,200",64,
20344,그림,Men,C64YM3572287,[추영우 착용] 남성 컬럼비아 락 다운 자켓,"699,000","559,200",17,
20343,그림,Men,C64YM3572027,남성 컬럼비아 락 다운 자켓,"699,000","559,200",61,
20342,그림,Men,C64YM3572010,남성 컬럼비아 락 다운 자켓,"699,000","559,200",5,
20341,그림,Men,C64YM3571439,남성 아보카 트레일 경량 다운 자켓,"339,000","237,300",19,
20340,그림,Men,C64YM3571010,남성 아보카 트레일 경량 다운 자켓,"339,000","237,300",81,
20337,그림,Women,C64YL3588105,여성 앤 로드 미드 경량 다운 자켓,"259,000","163,170",91,
20336,그림,Women,C64YL3588010,여성 앤 로드 미드 경량 다운 자켓,"259,000","163,170",82,
20335,그림,Women,C64YL3586581,여성 앤 로드 다운 자켓,"239,000","191,200",16,
20334,그림,Women,C64YL3586241,여성 앤 로드 다운 자켓,"239,000","191,200",28,
20333,그림,Women,C64YL3586102,여성 앤 로드 다운 자켓,"239,000","191,200",57,
20332,그림,Women,C64YL3584626,여성 프릴 브러쉬 다운 자켓,"359,000","251,300",18,
20331,그림,Women,C64YL3584105,여성 프릴 브러쉬 다운 자켓,"359,000","251,300",18,
20330,그림,Women,C64YL3583035,여성 패스 대쉬 포레스트Ⅲ 다운 자켓,"679,000","475,300",64,
20329,그림,Women,C64YL3583010,여성 패스 대쉬 포레스트Ⅲ 다운 자켓,"679,000","475,300",116,
20328,그림,Women,C64YL3582211,여성 애플 리버 다운 자켓,"379,000","265,300",34,
20327,그림,Women,C64YL3582010,여성 애플 리버 다운 자켓,"379,000","265,300",31,
20326,그림,Women,C64YL3574027,여성 마운틴 후드 다운 자켓,"659,000","527,200",8,
20325,그림,Women,C64YL3574010,여성 마운틴 후드 다운 자켓,"659,000","527,200",32,
20324,그림,Women,C64YL3571160,여성 아보카 트레일 경량 다운 자켓,"339,000","237,300",22,
20323,그림,Women,C64YL3571010,여성 아보카 트레일 경량 다운 자켓,"339,000","237,300",35,
20322,그림,Unisex,C66YU0371010,[무신사 단독] 공용 애슐리 코브 30L 백팩 + 파우치,"139,000","111,200",5,
20321,그림,Unisex,C66YU0369010,공용 본레 포레스트 20L 패커블 경량 백팩,"69,000","69,000",7,
20271,그림,Unisex,C66YU2743271,공용 옐로우테일 쇼티 WP OH,"139,000","139,000",93,
20270,그림,Unisex,C66YU2743256,공용 옐로우테일 쇼티 워터프루프 옴니히트,"139,000","139,000",3,
20269,그림,Unisex,C66YU2743010,공용 옐로우테일 쇼티 워터프루프 옴니히트,"139,000","139,000",4,
20268,그림,Unisex,C66YU0428286,공용 호버튜버 II 워터프루프,"129,000","77,400",39,
20267,그림,Unisex,C66YU0428247,공용 호버튜버 II 워터프루프,"129,000","77,400",43,
20266,그림,Unisex,C66YU0428010,공용 호버튜버 II 워터프루프,"129,000","77,400",15,
20265,그림,Women,C66RCS876ATO,여성 노르딕 패턴 양말 2종,"25,000","25,000",57,
20264,그림,Women,C66RCS876ATL,여성 노르딕 패턴 양말 2종,"25,000","25,000",22,
20263,그림,Men,C66RCL252BR1,남성 노르딕 패턴 양말 2종,"25,000","25,000",54,
20262,그림,Men,C66RCL252BK1,남성 노르딕 패턴 양말 2종,"25,000","25,000",40,
20261,그림,Men,freegift_05031_N,사은품 반다나 (외부몰),0,0,4,
20260,그림,Unisex,C66YU9682286,공용 샙랜드4 처카 워터프루프 옴니히트,"209,000","146,300",7,
20259,그림,Unisex,C66YU9682010,공용 샙랜드4 처카 워터프루프 옴니히트,"209,000","146,300",47,
20258,그림,Unisex,C66YU9626286,공용 샙랜드4 워터프루프 옴니히트,"229,000","160,300",15,
20257,그림,Unisex,C66YU9626010,공용 샙랜드4 워터프루프 옴니히트,"229,000","160,300",315,
20256,그림,Unisex,C66YU0154273,공용 헤이지 저니 2 워터프루프,"149,000","149,000",2,
20255,그림,Unisex,C66YU0154010,공용 헤이지 저니 2 워터프루프,"149,000","149,000",1,
20251,그림,Unisex,C66UU3561010,공용 트레일 트레블러 28L 룩색,"109,000","68,670",31,
20250,그림,Unisex,C66UU1979429,공용 코튼우드 그릭 사이드 백,"29,000","29,000",9,
20248,그림,Unisex,C66PU8809265,공용 스트림 패디드 숄더 백,"35,000","35,000",25,
20247,그림,Unisex,C66PU8809010,공용 스트림 패디드 숄더 백,"35,000","35,000",4,
20246,그림,Unisex,C66PU8801888,공용 파나시아 미니 숄더백,"59,000","37,170",25,
20245,그림,Unisex,C66PU8801014,공용 파나시아 미니 숄더백,"59,000","37,170",19,
20244,그림,Unisex,C66PU8801010,공용 파나시아 미니 숄더백,"59,000","37,170",27,
20243,그림,Unisex,C66PU8732445,[공식몰 단독] 공용 그레이트 스모키 가든 바디백,"59,000","59,000",27,
20242,그림,Unisex,C66PU8732252,[공식몰 단독] 공용 그레이트 스모키 가든 바디백,"59,000","59,000",19,
20240,그림,Unisex,C66PU8729445,[공식몰 단독] 공용 그레이트 스모키 가든 2 WAY 토트백,"89,000","62,300",45,
20239,그림,Unisex,C66PU8729010,[공식몰 단독] 공용 그레이트 스모키 가든 2 WAY 토트백,"89,000","62,300",1,
20238,그림,Unisex,C66PU8712326,공용 페퍼락 23L 백팩,"99,000","71,280",32,
20237,그림,Unisex,C66PU8712010,공용 페퍼락 23L 백팩,"99,000","71,280",33,
20236,그림,Unisex,C66PU8700265,공용 스트림 사코슈 백,"39,000","39,000",39,
20234,그림,Unisex,C66PU8664464,공용 케슬락 15L 백팩,"79,000","79,000",51,
20233,그림,Unisex,C66PU8664329,공용 케슬락 15L 백팩,"79,000","79,000",54,
20231,그림,Unisex,C66PU8664010,공용 케슬락 15L 백팩,"79,000","79,000",3,
20228,그림,Unisex,C66PU8663010,공용 케슬락 20L 백팩,"89,000","89,000",2,
20223,그림,Unisex,C66PU5747250,공용 루프 스파이어 패스 니트 비니,"29,000","23,200",17,
20222,그림,Unisex,C66PU5747023,공용 루프 스파이어 패스 니트 비니,"29,000","23,200",16,
20221,그림,Unisex,C66PU5747010,공용 루프 스파이어 패스 니트 비니,"29,000","23,200",8,
20218,그림,Unisex,C66PU5742010,공용 스플릿 레인지 루스 니트 비니,"29,000","23,200",1,
20217,그림,Unisex,C66PU5737191,공용 켄드릭 파크 퍼 플립 캡,"55,000","55,000",1,
20216,그림,Unisex,C66PU5737010,공용 켄드릭 파크 퍼 플립 캡,"55,000","55,000",17,
20215,그림,Unisex,C66PU5736864,[공식몰 단독] 공용 파라보리즘 그릭 플리스 볼캡,"49,000","39,000",95,
20214,그림,Unisex,C66PU5736530,[공식몰 단독] 공용 파라보리즘 그릭 플리스 볼캡,"49,000","39,000",2,
20213,그림,Unisex,C66PU5736478,[공식몰 단독] 공용 파라보리즘 그릭 플리스 볼캡,"49,000","39,000",116,
20211,그림,Unisex,C66PU5736010,[공식몰 단독] 공용 파라보리즘 그릭 플리스 볼캡,"49,000","39,000",163,
20200,그림,Unisex,C66PU2406265,공용 스트림 물병 파우치,"19,000","19,000",29,
20197,그림,Unisex,C66CU6065624,공용 잇서키퍼 비니,"35,000","25,200",30,
20196,그림,Unisex,C66CU5224429,공용 잭 그릭 트래퍼 햇,"55,000","44,000",13,
20195,그림,Unisex,C66CU5224010,공용 잭 그릭 트래퍼 햇,"55,000","44,000",1,
20194,그림,Unisex,C66CU4164010,공용 윈터 패스 리버서블 버킷 햇,"39,000","31,200",2,
20193,그림,Men,C66CM4724010,남성 아틱 슬로프 시커 장갑,"85,000","85,000",27,
20192,그림,Men,C66CM0690010,남성 어센더 소프트쉘 글러브,"49,000","49,000",35,
20191,그림,Women,C66CL9684278,여성 파우더 라이트 글러브,"59,000","59,000",11,
20190,그림,Women,C66CL1055010,여성 아틱 슬로프 시커 글러브,"85,000","85,000",34,
20189,그림,Women,C66CL1014010,여성 크루저 릿지 소프트쉘 글러브,"49,000","49,000",44,
20183,그림,Women,C64XR9092010,여성 미스티 트리즈 II 인터체인지 자켓,"399,000","319,200",29,
20163,그림,Women,C64AR7330561,[공식몰 단독] 여성 헬베시아 II 크롭 하프스냅 플리스 풀오버,"79,000","79,000",1,
20161,그림,Women,C64AR7330262,여성 헬베시아 II 크롭 하프스냅 플리스 풀오버,"79,000","79,000",63,
20159,그림,Women,C64AR5760554,여성 헬베시아 II 프린티드 하프스냅 플리스 풀오버,"89,000","89,000",10,
20158,그림,Women,C64AR5760256,[공식몰 단독] 여성 헬베시아 II 프린티드 하프스냅 플리스 풀오버,"89,000","89,000",52,
20150,그림,Women,C63AR4742271,여성 브리 폴스 코튼 립스탑 카고 팬츠,"109,000","78,480",21,
20149,그림,Women,C63AR4742010,여성 브리 폴스 코튼 립스탑 카고 팬츠,"109,000","78,480",26,
20147,그림,Men,C63AE8947010,남성 ROC 테크 카고 팬츠,"119,000","119,000",1,
20146,그림,Men,C63AE5737429,남성 드라이벤처 하프집업 긴팔 티셔츠,"89,000","62,300",38,
20138,그림,Men,freegift_05022_N,굿즈 패키지,0,0,25,
20080,그림,Unisex,C63PM0538466,[요나스 컬렉션] 공용 크레스트 투 벨리 그래픽 반팔 티셔츠,"69,000","48,300",12,
20079,그림,Unisex,C63PM0538039,[요나스 컬렉션] 공용 크레스트 투 벨리 그래픽 반팔 티셔츠,"69,000","48,300",15,
20078,그림,Unisex,C63PM0537659,[요나스 컬렉션] 공용 레이크 투 에비뉴 그래픽 반팔 티셔츠,"69,000","48,300",12,
20076,그림,Unisex,C63PM0537466,[요나스 컬렉션] 공용 레이크 투 에비뉴 그래픽 반팔 티셔츠,"69,000","48,300",36,
20075,그림,Unisex,C63PM0537126,[요나스 컬렉션] 공용 레이크 투 에비뉴 그래픽 반팔 티셔츠,"69,000","48,300",1,
20074,그림,Unisex,C63PM0537125,[요나스 컬렉션] 공용 레이크 투 에비뉴 그래픽 반팔 티셔츠,"69,000","48,300",25,
